{
	"info": {
		"name": "Product Management API",
		"description": "REST API collection for Product Management System",
		"schema": "https://schema.getpostman.com/json/collection/v2.1.0/collection.json"
	},
	"item": [
		{
			"name": "Products",
			"item": [
				{
					"name": "Get All Products",
					"request": {
						"method": "GET",
						"header": [],
						"url": {
							"raw": "http://localhost:3000/api/products?page=1&per_page=10",
							"protocol": "http",
							"host": ["localhost"],
							"port": "3000",
							"path": ["api", "products"],
							"query": [
								{
									"key": "page",
									"value": "1"
								},
								{
									"key": "per_page",
									"value": "10"
								},
								{
									"key": "search",
									"value": "",
									"disabled": true
								},
								{
									"key": "category",
									"value": "",
									"disabled": true
								}
							]
						}
					}
				},
				{
					"name": "Get Single Product",
					"request": {
						"method": "GET",
						"header": [],
						"url": {
							"raw": "http://localhost:3000/api/products/1",
							"protocol": "http",
							"host": ["localhost"],
							"port": "3000",
							"path": ["api", "products", "1"]
						}
					}
				},
				{
					"name": "Create Product",
					"request": {
						"method": "POST",
						"header": [
							{
								"key": "Content-Type",
								"value": "application/json"
							}
						],
						"body": {
							"mode": "raw",
							"raw": "{\n  \"name\": \"New Product\",\n  \"description\": \"Product description\",\n  \"price\": 99.99,\n  \"category\": \"Electronics\",\n  \"stock_quantity\": 10\n}"
						},
						"url": {
							"raw": "http://localhost:3000/api/products",
							"protocol": "http",
							"host": ["localhost"],
							"port": "3000",
							"path": ["api", "products"]
						}
					}
				},
				{
					"name": "Update Product",
					"request": {
						"method": "PUT",
						"header": [
							{
								"key": "Content-Type",
								"value": "application/json"
							}
						],
						"body": {
							"mode": "raw",
							"raw": "{\n  \"name\": \"Updated Product\",\n  \"price\": 149.99,\n  \"stock_quantity\": 20\n}"
						},
						"url": {
							"raw": "http://localhost:3000/api/products/1",
							"protocol": "http",
							"host": ["localhost"],
							"port": "3000",
							"path": ["api", "products", "1"]
						}
					}
				},
				{
					"name": "Delete Product",
					"request": {
						"method": "DELETE",
						"header": [],
						"url": {
							"raw": "http://localhost:3000/api/products/1",
							"protocol": "http",
							"host": ["localhost"],
							"port": "3000",
							"path": ["api", "products", "1"]
						}
					}
				}
			]
		},
		{
			"name": "Categories",
			"item": [
				{
					"name": "Get All Categories",
					"request": {
						"method": "GET",
						"header": [],
						"url": {
							"raw": "http://localhost:3000/api/categories",
							"protocol": "http",
							"host": ["localhost"],
							"port": "3000",
							"path": ["api", "categories"]
						}
					}
				},
				{
					"name": "Get Products by Category",
					"request": {
						"method": "GET",
						"header": [],
						"url": {
							"raw": "http://localhost:3000/api/categories/1/products",
							"protocol": "http",
							"host": ["localhost"],
							"port": "3000",
							"path": ["api", "categories", "1", "products"]
						}
					}
				}
			]
		},
		{
			"name": "Health Check",
			"request": {
				"method": "GET",
				"header": [],
				"url": {
					"raw": "http://localhost:3000/health",
					"protocol": "http",
					"host": ["localhost"],
					"port": "3000",
					"path": ["health"]
				}
			}
		}
	]
}

